Yeməyin Adı,Mənşə,Bölgə,Kateqoriya,Tərkib hissələri,Hazırlanma qaydası,Hazırlanma müddəti,Çətinlik dərəcəsi,Porsiya sayı,Tarixi məlumat/Arxa plan,Təqdim təklifləri,Şəkil Linki
Qərbi Azərbaycan Badımcan dolması,Qərbi Azərbaycan (İrəvan Xanlığı mətbəxi),,Dolma,kiçik badımcanlar; möhkəm pomidorlar; bibərlər; döymə ət (qiymə deyil); noxud ləpəsi (bişmiş və qabığı soyulmuş); soğan (xırda doğranmış); kərə yağı (bol miqdarda); keşniş (xırda doğranmış); reyhan (bol miqdarda); duz; istiot; ət suyu.,"1) Soğan xırda doğranıb bol kərə yağında qızılı rəng alana qədər qovrulur. 2) Döymə ət əlavə edilib yaxşıca qızarana qədər qovrulur. 3) Bişmiş və qabığı soyulmuş noxud ləpəsi və pomidorların içindən çıxarılan ləpə ət-soğan qarışığına əlavə edilir. 4) Duz, istiot, xırda doğranmış keşniş və bol reyhan əlavə edilib qarışdırılır. 5) Badımcanlar, pomidorlar və bibərlər yüngülcə pörtlədilir. Badımcanların içi çıxarılır (və ya uzununa kəsilir). 6) Tərəvəzlərin içi hazırlanmış qarışıqla doldurulur. 7) Doldurulmuş tərəvəzlər qazana düzülür, az miqdarda ət suyu əlavə edilir və zəif odda bişirilir.",Təxminən 90-120 dəq,Orta,Bilinmir,Qərbi Azərbaycan Badımcan dolması İrəvan Xanlığı mətbəxinin incilərindən biridir. Xüsusilə döymə ət və bol reyhan istifadəsi ilə fərqlənir.,İsti halda təqdim edilir.,[youtube.com saytından şəkil linki əlavə edin]
Balıq Çörəyi (Naxçıvan Çöçəsi),Naxçıvan (İrəvan mətbəxi ilə əlaqəli),,Çörək/Şirniyyat,"Xəmir üçün: un – 1kq; kərə yağı – 350qr; yumurta – 2ədəd; süd – 1,5stakan; xama – 2-3qaşıg (qatıq da olar); duz – 1çay qaşığı; şəkər – 2çay qaşıgı; maya – 2çay qaşıgı. İçlik (1-ci növ): qoz ləpəsi – 300qr; soğan – 600qr; kərə yagi – 150qr; un – 0,5stakan (zövqə qörə); duz, istiot, sarıkök. İçlik (2-ci növ): mal əti – 500 qr; soğan – 400 qr; qoz – 200 qr; darçın – 1/2 ç.q; duz, istiot (zövqə görə).","Xəmir üçün bütün ərzaqları qarışdırıb yumşaq xəmir yoğurun. Xəmiri kündələrə ayırın. Hər kündəni açıb içlik qoyun. Kənarlarını bərkidin, şəkərbura kimi bükün, çəngəl ilə naxışlayın. Üzərinə yumurta sarısı çəkib sobada bişirin. (Qeyd: hər iki içliyi etmək istəsəniz xəmirin miqdarini artirin 1kq unla olan xəmirdən 34-36 ədəd çıxır. Yazdigim içlik 1 kq undan yogrulan xəmir üçündür.)",Təxminən 90-120 dəq,Orta,34-36 ədəd (1 kq undan),"Balıq Çörəyi, xüsusilə Naxçıvan və İrəvan mətbəxində geniş yayılmış, bayram süfrələrinin bəzəyi olan ənənəvi bir çörək növüdür. Görünüşü balığa bənzəyir, üzərindəki pullar bolluq və bərəkət mənasına gəlir.",İsti halda çay ilə təqdim edilir.,[tiktok.com saytından şəkil linki əlavə edin]
Balqabaq qutabı (kətə),Ümumi Azərbaycan,,Xəmir yeməyi,Xəmir üçün: un – 4 st; duz – 1 ç.q; ilıq su – aparanadək. İçlik üçün: balqabaq – 500 q; baş soğan – 2 ədəd; əridilmiş kərə yağı – 2 x.q; nar – 1 ədəd; darçın – zövqə görə; duz – zövqə görə. Qızartmaq üçün: bitki ya da kərə yağı.,"1) Balqabağın qabığını soyub yuyun, xırda dördkünc doğrayın. 2) Az su töküb öz buğunda püre şəklinə düşənə qədər bişirin. 3) Soğanı xırda doğrayın. 4) Yağ və duz əlavə edib qızılı rəngdə olana qədər qovurun. 5) Sonra balqabağı əlavə edib qovurun. 6) Narı dənələyin. Onu da içliyə əlavə edib 5-10 dəqiqə qovurun. 7) İçliyə zövqə görə duz, istiot və darçın töküb qarışdırın. Tamam suyu çəkilənə qədər qovurub götürün. Sonra qaba boşaldın soyuyur. 8) Una su duz töküb əvvəlcə qaşıqla qarışdırın sonra normal xəmir yoğurun. 9) Xəmiri 6 hissəyə bölüb kündələyin. 10) Adi qaydada nazik yuxa yayın. Üstünə kasa qoyub dairəvi kəsin. 11) Dairələrin bir tərəfinə içlikdən qoyun. 12) Qatlayıb yanlarını bərkidin. 13) Hazır qutabları əvvəlcə sacda ya da tavada bişirin. Süfrəyə verildikdə yağda qızardın.",60-90 dəq,Orta,4-6,Balqabaq qutabı Azərbaycanın milli xörəklərindən biridir. Payızda balqabaq mövsümündə tez-tez hazırlanır.,"İsti halda, üzərinə kərə yağı sürtülərək təqdim edilir.",[resept.az saytından şəkil linki əlavə edin]
Boranılı yarma sıyığı,Ümumi Azərbaycan,,Sıyıq/Tərəvəz yeməyi,boranı – 300 q; buğda yarması – 1 st; süd – 2 st; şəkər tozu – 2 ç.q (artıq da götürə bilərsiniz); duz – 0.5 ç.q.,"1) Boranının qabığını soyun, kubik doğrayın. 2) Yarmanı bir neçə dəfə yuyun. 3) Bütün ərzaqları (boranı, yarma, şəkər tozu, duz) qazana yığın, stəkanın dörddə biri qədər su tökün. 4) Qazanı iti ocağın üstünə qoyun. Qazanın dibində su qaynamağa başlayanda ocağı çox azaldın, mikrodalğalı sobada qızdırdığınız südü əlavə edin. 5) 20 dəqiqə sonra kərə yağı əlavə edin və bir qədər də, ərzaqlar yumşalanadək vam odda dəmləyin. (Alternativ olaraq, ərzaqların hamısını qazana yığıb sobaya qoyun və 2 saat vam odda bişirin).",60-120 dəq,Asan,2-3,"Boranılı yarma sıyığı Azərbaycan mətbəxində payız-qış aylarında hazırlanan, boranı ilə zənginləşdirilmiş faydalı və qidalı bir yeməkdir.","İsti halda, üzərinə kərə yağı əlavə edilərək təqdim edilir.",[dadli.az saytından şəkil linki əlavə edin]
Bozbaş,Ümumi Azərbaycan,,Şorba,qoyun əti – 1 kq; noxud – yarım stəkan; kartof – 5 ədəd; soğan – 1 ədəd; kərə yağı – zövqə görə; alça turşusu – 3 ədəd; nanə – zövqə görə; sarıkök – zövqə görə; duz – zövqə görə.,"1) Ət yuyulur, üzərinə su tökülüb bişənə kimi qaynadılır (təqribi 2 saat). Ət qaynadıqda üzərinə yığılan köpük mütləq qaşıqla yığılmalıdı. 2) Noxud yuyulur, üzərinə su tökülüb bişənə kimi qaynadılır. 3) Ət bişdikdən sonra üzərinə bişmiş noxud, 2 hissəyə bölünmüş kartoflar, 1 ədəd baş soğan (doğranılmır), kərə yağı, duz, sarıkök, alça turşusu əlavə edilir. 4) Yemək aşağı istilikdə kartof yumuşalana kimi bişirilir. 5) Yemək hazır olduqda baş soğan içindən çıxarılır və süfrəyə verildikdə üzərinə nanə qurusu səpilir.",60-120 dəq,Orta,4-6,Bozbaş Azərbaycanın milli mətbəxinin ənənəvi şorbalarından biridir. Qoyun əti ilə hazırlanır və müxtəlif tərəvəzlərlə zənginləşdirilir.,"İsti halda, üzərinə nanə qurusu səpilərək təqdim edilir. Yanında çörək və ya turşu ilə yeyilə bilər.",[dadli.az saytından şəkil linki əlavə edin]
Dovğa,Ümumi Azərbaycan,,Şorba,qatıq – 1 l; yumurta – 1 ədəd; un – 1 x.q.; düyü – 2 x.q.; şüyüd – 1 dəstə; keşniş – 1 dəstə; nanə – 1 dəstə (yaxud dağ keşnişi); ispanaq – 1 dəstə.,"1) Qatığı qazana töküb qarışdırın, içində lopalar qalmasın. 2) Yuyulmuş düyü, yumurta, un əlavə edib yenə qarışdırın. 3) Qazanı ocağa qoyub dayanmadan qarışdırın. 4) Qaynara düşəndən sonra əlinizi saxlayıb əvvəlcədən yuyulmuş göyərtini xırda-xırda doğrayın. 5) Düyü bişəndən sonra göyərtini əlavə edib daha 5 dəqiqə qaynadın.",40-50 dəq,Asan,2-4,Dovğa Azərbaycanın milli mətbəxinin ənənəvi yeməklərindən biridir. Adətən toy süfrələrində təqdim olunur. Müxtəlif regional variasiyaları mövcuddur.,"İsti-isti, yaxud soyuq, dərin boşqabda, kasada, yaxud stəkanda verilə bilər. Ətli və ya noxudlu variantları da mövcuddur.",[dadli.az saytından şəkil linki əlavə edin]
Düşbərə,Ümumi Azərbaycan,,Sulu yemək,Xəmir üçün: un – 3 st; yumurta – 1 ədəd; duz – ½ ç.q; su – təxminən 1 st. Yuxaları yaymaq üçün: un – 2-3 x.q. İçlik üçün: soğanla çəkilmiş qoyun əti – 250-300 q (250-300 qr ət ilə 1 ədəd balaca baş soğanı maşından keçirin); duz – zövqə görə; istiot – zövqə görə. Suyu üçün: baş soğan – 2 ədəd; əridilmiş kərə yağı – 2 x.q; su ya da ət bulyonu – 4 l; duz – zövqə görə; istiot – zövqə görə; nanə qurusu (ya da təzə keşniş).,"1) Unu ələyib duz səpib yumurtanı sındırın və sudan töküb əvvəl qaşıqla sonra əllə qarışdırıb normal xəmir yoğurun. 2) Xəmirdən 3 kündə düzəldin. Nazik yuxadan bir az qalın yuxa yayın. 3) 2×2 sm qalınlıqda kvadratlar kəsib 2-3 q içlikdən qoyub bükün. 4) Soğanı doğrayıb duz səpib yağda qızılı rəngdə olana qədər qızardın. 5) Qızardılmış soğanın üstünə suyu (bulyonu) əlavə edib duzunu tökün. Su (bulyon) qaynayanda bükdüyünüz düşbərələri tez-tez tək-tək suya tökün. Tökdükcə qarışdırın ki, bir birinə yapışmasın. Duzuna bir də baxın. 15-20 dəqiqə qaynadırın. 6) Hazır olana yaxın nanə qurusunu əlavə edin.",90-120 dəq,Çətin,8,"Düşbərə Azərbaycanın milli xörəklərindən biridir. Xüsusilə qış aylarında sevilən, isti və qidalı bir yeməkdir.","İsti halda, yanında sarımsaqla sirkə ilə təqdim edilir.",[resept.az saytından şəkil linki əlavə edin]
Ət Qutabı,"Balakən Rayonu, Qərbi Azərbaycan",,Xəmir yeməyi,"Xəmir üçün: un – 4 fincan (600 q) + yoğurmaq üçün əlavə; duz – 2 x.q; su – 2 fincan (otaq temperaturunda). İçlik üçün: ət (qoyun yaxud mal əti və ya qarışıq) – 450-500 q; soğan – 2 ədəd (orta ölçülü, ət maşınından keçirilmiş); palçıq lavaşana – 1 x.q (və ya təzə nar dənələri – ½ fincan); duz – zövqə görə; istiot – zövqə görə. (Şimal-qərb zonalarında, xüsusi ilə də Balakəndə içliyə 1 çimdik şüyüd toxumu, 1 qədər doğranmış sarımsaq və doğranmış təzə keşniş də qatırlar). Digər: şit yağı/ərinməmiş kərə yağı (1-ci üsul üçün); bitki yağı (2-ci üsul üçün); sumaq.","1) Xəmirin hazırlanması: Böyük bir qaba un əlavə olunur, duz vurulur qarışdırılır. Unun içində yuva açılır, su az-az əlavə olunmaqla xəmir halını tutanadək əllə qarışdırılır. Xəmir formasına gəldikdə sonra üzərinə un səpilmiş yuxa yayan taxtanın üzərində 10 dəqiqə yoğrulur. Yoğurarkən ələ yapışmasın deyə tez-tez un səpilir. Yoğrulmuş xəmir 12 bərabər ölçülü hissələrə bölünüb əllə kündələnməlidir. Bir kündəylə işlərkən digərlərinin üzərini dəsmalla örmək lazımdır ki, kündələr qurumasın. 2) İçliyin hazırlanma qaydası: Bir qaba içlik üçün lazım olan ərzaqlar tökülür və yaxşıca qarışdırılır. Əgər lavaşana əvəzinə nar dənələri istifadə olunacaqsa o zaman ərzaqları elə qarışdırmaq lazımdır ki, narlar əzilməsin. 3) Yuxanın yayılması: Kündənin biri üzəri bir qədər unlanmış yuxayayan taxtanın üzərinə qoyulur və üstünə də bir qədər un səpilir. Kündə əllə basılıb yastılanır və oxlovla açılır. Diametri təxminən 12 sm olanadək xəmiri fırladaraq oxlovlar açmaq lazımdır. Sonra isə açılmış xəmirin üzərinə yenə azca un səpilir və əllə xəmirin üzərinə tam yayılır. 25 sm ölçüsündə dairə alınanadək yuxa açılmalıdır. 4) İçliyin doldurulması: Hazır yuxanın üzərinə yarıyadək ətli içlik qoyulub yayılır. İçlik sıx, lakin nazik olmalıdır. Sonra yuxanın digər yarısı ətli içliyin üzərinə qatlanıb, kənarları barmaqla ehmalca basılaraq bitişdirilir. 5) Bişirmə: Qutablar sacda/tavada bişirilir. Öncədən qızdırılmış sac yaxud yapışmayan tavada qutabın növbə ilə əvvəl bir, sonra isə digər tərəfi üzərində zərif qəhvəyi qabarcılar əmələ gələnədək qızardılır. Hazır bişmiş qutablar boşqaba qoyulur və elə isti halda üzərinə fırça ilə yağ çəkilir. Qutablar bu qayda ilə qızardılıb yağlanaraq bir boşqabda üst-üstə yığılır. Sonda üzərinə sumaq səpilib süfrəyə verilməlidir.",60-90 dəq,Orta,12 ədəd (6 nəfərlik),"Ət qutabı Azərbaycanın şimal-qərb bölgələrində, xüsusilə Balakən rayonunda geniş yayılmış ənənəvi yeməkdir. Sacda bişirilməsi ilə xarakterizə olunur.","İsti halda, üzərinə sumaq səpilərək və ayranla təqdim edilir.",[azcookbook.com saytından şəkil linki əlavə edin]
Əvəlikli çəkmə plov,Qərbi Azərbaycan,,Plov,soğan – 2 ədəd; toyuğun döş əti; əvəlik; düyü – 1 stəkan; su – 2 stəkan; yağ; duz.,"1) Əvvəlcə əvəlik suda isladılır. 2) Soğan doğranıb yağda qızılı rəng alanadək qızardılır. 3) Üzərinə toyuğun döş ətiylə əvəlik əlavə edilib azca bişirilir. 4) Üzərinə düyü və su tökülür, orta atəşdə suyu çəkilənə kimi bişirilir. 5) Suyu çəkildikdən sonra plov kimi dəmə qoyulur.",60-90 dəq,Orta,2-4,Əvəlikli çəkmə plov Qərbi Azərbaycan mətbəxinin ənənəvi və sevilən plov növlərindən biridir. Əvəlik (sorrel) ilə hazırlanması ona xüsusi dad verir.,İsti halda təqdim edilir.,[qadin.net saytından şəkil linki əlavə edin]
Əyirdək,"Ümumi Azərbaycan (Avropa mətbəxi kimi qeyd olunsa da, Azərbaycan mətbəxində də geniş yayılmışdır)",,Şirniyyat,duru yağ – 1 çay stəkanı; pudra şəkəri – 1 çay stəkanı; yumurta – 1 ədəd; qabartma tozu – 1 çay qaşığı; toz maya – 1 az; un – aldığı qədər. Qızartmaq üçün: duru yağ.,1) Xəmir üçün bütün ərzaqları bir qaba alıb yoğurun. Xəmirdən qoz böyüklüyündə kündələr ayırın. 2) Dəzgah üzərində oval şəkli verin. 3) Qızğın yağda qızardın. 4) Üzərinə şəkər səpin. 5) İsti və soyuq halda çay süfrəsinə verə bilərsiniz.,40-50 dəq,Asan,8-10,Əyirdək Azərbaycan mətbəxində sevilən şirniyyatlardan biridir. Sadə tərkibi və asan hazırlanması ilə fərqlənir.,"İsti və soyuq halda çay ilə təqdim edilir, üzərinə pudra şəkəri səpilir.",[dadli.az saytından şəkil linki əlavə edin]
Şirin Çörək (Süd Çörəyi),Ümumi Azərbaycan,,"Çörəklər, Şirniyyatlar",quru toz maya – 1 paket (2 + ¼ çay qaşığı); ilıq süd – 2 stəkan; un – 6 stəkan yarım; şəkər tozu – 1 stəkan + ¾ stəkan; duz – Bir çimdik; sarıkök – 1 çay qaşığı; yumurta – 1 ədəd (otaq hərarətində); kərə yağı – 200 qram (əridib soyudun); üstü üçün yumurta – 1 ədəd; xaş-xaş – 1 çay qaşığı.,"1) Bir qabda mayanı 1 stəkan süddə həll edib 5 dəqiqəlik kənara qoyun. 2) İri qaba unu, şəkər tozunu, duzu və sarıkökü qoyub qarışdırın. Ortasına mayalı qarışığı, qalan 1 stəkan südü, yumurta və yağı əlavə edib xəmir yoğurun. Xəmir yumşaq və ələ yapışmayan olmalıdır. 3) Xəmiri qaba qoyub üstünə dəsmal örtün və qoyun kənarda gəlsin, təxminən 2 saat ərzində. 4) 2 iri listə ya kalka kağızı sərin ya da yağlayın. Gəlmiş xəmiri iki yerə bölüb kündələyin. Kündələri əlinizlə 22 sm-lik bir dairə əldə edənədək yastıladın. Dairənin qalınlığı 1.2 sm olmalıdır. 5) Çörəkləri listlərə yerləşdirin. Üstlərini çay dəsmalı ilə örtüb qalxmaları üçün 1 saatlığına kənara qoyun. 6) Sobanı 190°C-dək qızdırın. Yumurtanı çəngəllə qarışdırıb çörəklərin səthinə çəkin. Çəngəllə naxış vurun sonra isə xaş-xaş səpin. 7) Çörəkləri sobanın orta hissəsində 30-35 dəqiqə ərzində, və yaxud üstləri yaxşı qızaranadək bişirin. Çörəkləri yalnız tamamilə soyuduqdan sonra kəsin.",180-240 dəq,Orta,2 ədəd çörək,"Şirin Çörək, bəzən Süd Çörəyi də adlandırılır, Azərbaycanın milli çörək növlərindən biridir. Süddən istifadə edilərək hazırlanır və sarıkök ona gözəl rəng və dad verir. Xüsusilə bayramlarda və xüsusi günlərdə süfrələri bəzəyir.",Çay ilə təqdim edilir.,[azcookbook.com saytından şəkil linki əlavə edin]
Fisincan plov,Ümumi Azərbaycan,,Plov,düyü – 3 st; toyuq əti – 500 q; çəkilmiş qoz – 2 st; baş soğan – 2 ədəd; əridilmiş kərə yağı – 4 x.q; abqora – 1.5 st (və ya su ilə limon duzu qarışığı); şəkər tozu – 1 ç.q (zövqə görə); duz – zövqə görə; istiot – zövqə görə; zəfəran ya da sarıkök. Qazmaq üçün: qatıq – 3 x.q; yumurta – 1 ədəd.,1) Toyuq ətini təmizləyib yuyub duzlu suda yarıhazır bişirin. 2) Soğanın qabığını soyub yuduqdan sonra xırda doğrayın. 3) Soğanın üstünə yağ və duz əlavə edib qızılı rəngdə olanadək qovurun. 4) Sudan toyuq ətlərini çıxarıb qovrulmuş soğanın üstünə töküb qızardın. Hazır olana yaxın zövqə görə duz və istiotunu tökün. 5) Çuğun tava götürün. Tavaya abqora suyunu tökün. Su qaynamağa başlayanda çəkilmiş qozu əlavə edib qarışdırın. 6) Qarışığın qaynadıqca rəngi dəyişəcək tündləşəcək. 3-5 dəqiqə kimi qarışdırın. Sonra qovrulmuş soğanla toyuq ətini bura əlavə edib qarışdırın. Duz və istəyə görə çox turş olsa şəkər tozunu əlavə edin. 2-3 dəqiqə qarışdırıb sonra bulyondan az töküb vam odda 1 saat bişirin. 7) Adi qaydada düyünü bişirib süzün. 8) Yumurtanı qatıqla çalıb qazanın dibinə tökün. Düyü ilə qarışdırıb qalınlığı 1 sm olan qazmağı düzəldin. 9) Qalan düyünü qazmağın üstünə tökün. Üstünə yağ əlavə edib plovu vam odda dəm almağa qoyun. Plov 1 saata dəm alacaq. 10) Hazır plovu bir qaba çəkib qaynar yağ töküb üstünü qazmaqla bəzəyin. 11) Hazırladığımız fisincanı başqa qaba töküb düyünün yanında süfrəyə verin.,120-150 dəq,Çətin,4-6,Fisincan plov Azərbaycanın qədim və zəngin plov növlərindən biridir. Xüsusilə bayram süfrələrinin bəzəyidir.,"İsti halda, ayrı qabda fisincan qovurması ilə təqdim edilir.",[resept.az saytından şəkil linki əlavə edin]
Göyçə balığı qızartması,"Göyçə (Sevan), Qərbi Azərbaycan",,Balıq,balıq (orta böyüklükdə) – 0.75 kq; yağ – 0.1 stəkan; un – 100 qr; soğan – 1 baş; narşərab – 100 qr; duz – zövqə görə; istiot – zövqə görə.,1) Balığı təmizləyib yuyun. 2) Üzərini çərtib duzlayın və istiotlayın. 3) Unlayın. 4) Bol yağda hər iki tərəfini qızardın. 5) Soğan və narşərab ilə servis edin.,25-35 dəq,Asan,3-4,"Göyçə gölü sazanı Qərbi Azərbaycan mətbəxində məşhurdur. Balıq xörəkləri yay mövsümündə, sahil kəndlərində geniş yayılıb. Qeyd: ""Göyçə balığı xəşili"" adlı spesifik bir resept tapılmamışdır, lakin Göyçə balığı qızartması ənənəvi olaraq hazırlanır.","Təndir çörəyi, təzə göyərti, turşu xiyar; yanında narşərab və ya ağız dadına görə limon.",[resept.az saytından şəkil linki əlavə edin]
Göyərti qutabı (kətə),Ümumi Azərbaycan,,Xəmir yeməyi,"Xəmir üçün: un – 4-5 st; yumurta – 1 ədəd; duz – 1 ç.q; ilıq su – aparanadək; sarıkök – zövqə görə. İç üçün: göyərti – 10 dəstə (keşniş, şüyüd, ispanaq, göy soğan, nanə, sarımsaq, cəfəri, turşəng, kəvər, cincilim və s.); duz – zövqə görə. Qutabın aralarına sürtmək və qızartmaq üçün: quyruq; kərə ya da bitki yağı. Üstü üçün: sumaq – zövqə görə; qatıq.",1) Unu bir qaba ələyib duzu səpib ortasına yumurtanı sındırın və suyu əlavə edib qaşıqla qarışdırın. 2) Sonra əliniz ilə normal xəmir yoğurun. 3) Xəmiri balaca hissələrə bölüb kündələyin. Üstünə salafan örtün qurumasın. 4) İçliyi hazırlayın: Göyərtiləri təmizləyib yuduqdan sonra xırda doğrayın. Doğranmış göyərtiyə duz səpib yaxşı qarışdırın. 5) Kündənin birini götürüb un səpib nazik yuxa yayın. 6) Yuxanın yarı hissəsinə içlikdən qoyub yayın. 7) Yuxanı iki qatlayın və yanlarını bərkidin. 8) Qazın ya da odun üstündə qızmış sacın üzərinə qoyub hər iki tərəfini qızardın. 9) Hər bir qutabı bişirib yığanda aralarına kərə yağı vurun.,60-90 dəq,Orta,4-6,Göyərti qutabı Azərbaycanın milli xörəklərindən biridir. Adətən yaz aylarında təzə göyərtilərlə hazırlanır.,"İsti halda, üzərinə sumaq səpilərək və yanında qatıqla təqdim edilir.",[resept.az saytından şəkil linki əlavə edin]
Gürzə,Ümumi Azərbaycan,,Xəmir yeməyi,Xəmir üçün: un – 2 st; yumurta – 1 ədəd; su – ½ st; duz – 1 ç.q (silə); duru yağ – 1 x.q; yaymaq üçün əlavə un. İçlik üçün: qiymə – 300 q; baş soğan – 1 ədəd; duz – zövqə görə; istiot – zövqə görə; əridilmiş kərə yağı – 2 x.q. Üstü üçün: sumax; əridilmiş kərə yağı; qatıq (zövqə görə sarımsaq).,"1) Ələnmiş unun üstünə yumurtanı, duzu və suyu əlavə edib normal xəmir yoğurun. 2) Adi qaydada qiyməni bişirib hazırlayın. 3) Xəmirdən iki kündə düzəldin. Az un səpib oxlovla yayın. Xəmir nə çox qalın nə də nazik olmasın. 4) Diametri 4 sm olmaqla dairələr kəsin. İçlikdən qoyub bükün. 5) Suyu qaynadırın. Suya 2 x.q duz əlavə edin. Qaynamağa başlayanda gürzələri tökün. Qaynayıb üstə çıxanda 5 dəqiqə kimi qaynadıb süzün. Suyun duzunu yoxlayın. Lazım olsa yenə əlavə edin. 6) Qablara yığıb üstünə əridilmiş kərə yağı töküb sumax səpin.",45-60 dəq,Orta,4-6,Gürzə Azərbaycanın milli mətbəxinin ənənəvi xəmir yeməklərindən biridir. Xüsusilə qış aylarında sevilən yeməkdir.,"İsti halda, üzərinə kərə yağı və sumax səpilərək, yanında qatıqla təqdim edilir.",[resept.az saytından şəkil linki əlavə edin]
İrəvan kətəsi,"İrəvan, Qərbi Azərbaycan",,Şirniyyat/Şorqoğal,Xəmir üçün: un – 3.5 st; kərə yağı – 200 q; xama – 200 q; sirkə – 1 x.q; soda – 1 ç.q; duz – ç.q ucunda (istəyə görə). İç üçün: un – 2 st; şəkər tozu – 1.5 st; kərə yağı – 100-125 q; vanil – 1 paket. Üzünə çəkmək üçün: yumurta – 1 ədəd.,"1) Un ilə kərə yağını ovun. 2) Xamanı əlavə edib qarışdırın. 3) Sirkə ilə sodanı qarışdırıb tökün. 4) Əlinizlə yumşaq xəmir düzəldin. 5) Xəmiri bir kənara qoyub içliyi hazırlayın: un ilə yağı ovun, şəkər tozunu və vanili əlavə edib qarışdırın. 6) Xəmiri 4 yerə bölüb kündələyin. 7) Xəmirin birini oval formada 2-3 mm qalınlıqda yayın. 8) İçlikdən töküb yayın. 9) Xəmiri oxlovla ya da əllə bükün, uclarını bərkidin. 10) Ağzı dilikli bıçaqla romb şəklində kəsin. 11) Bütün kündələri bu şəkildə hazırlayın. 12) Qaba kağız sərib yığın. Üzərinə yumurta çəkin. 13) 200-220 dərəcə qızdırılmış sobada üzü qızaranadək (20-25 dəqiqəyə) bişirin.",45-60 dəq,Orta,8-10,İrəvan kətəsi Novruz şirniyyatlarından biridir və Qərbi Azərbaycan mətbəxinin ənənəvi şirniyyatlarından sayılır.,İsti ya da soyuq çay ilə servis edin.,[resept.az saytından şəkil linki əlavə edin]
Kələkoş,Qərbi Azərbaycan,,Şorba,yağlı qatıq – 3 stəkan; un – 1 ½ xörək qaşığı; yumurta – 1 ədəd; soyuq su – 3 stəkan; yuyulmuş və süzülmüş yumru düyü – 1 xörək qaşığı; xırda doğranmış qoz – ½ stəkan; əzilmiş sarımsaq – 2 diş; quru nanə – 1 ½ xörək qaşığı; bitki və ya kərə yağı – 2 xörək qaşığı; orta baş xırda doğranmış soğan – 1 ədəd; duz; istiot.,"1) Bir kasada qatığı, unu, yumurta və suyu yaxşıca qarışdırın. 2) Sonra üzərinə düyünü, qozu, sarımsağı və quru nanəni əlavə edib yenə qarışdırın. 3) Bir qazanda yağı qızdırın və soğanı əlavə edib təxminən 6-7 dəqiqə qızardın. 4) Qatıqlı qarışığı soğanın üzərinə əlavə edin və taxta qaşıqla ara vermədən qarışdıraraq orta odda təxminən 20 dəqiqə və ya düyü yumuşalana qədər bişirin. 5) Kənara çəkin və üzərinə zövqə görə duz və istiot əlavə edib qarışdırın.",Təxminən 30-40 dəq,Orta,4,"Kələkoş Azərbaycan milli mətbəxinə aid, xüsusilə Qərbi Azərbaycanda geniş yayılmış ləzzətli şorbadır. Qatıq və qozun harmoniyası ilə seçilir.",Süfrəyə isti-isti verin.,[azcookbook.com saytından şəkil linki əlavə edin]
Kələm şorbası,Ümumi Azərbaycan,,Şorba,kələm – 1 kg; kərə yağı – 1 xörək qaşığı; soğan – 1 ədəd; kəvər soğanı – 200 qr; kök – 1 ədəd; un – 1/4 su stəkanı; qərənfil – 2 ədəd; krem – 2 xörək qaşığı; yağsız pendir rəndəsi; duz.,"1) Kələmi yarpaqlarını ayıraraq yuyun. İncə doğradıqdan sonra bir az qaynadın. 2) Bir qazana kərəyağını qoyub qızardın. Əvvəl incə incə doğradığımız soğanı, sonra yenə incə incə doğradığınız yaşıl soğanı da qızardırın. 3) Rəndələnmiş yerkökü və doğranmış kələmləri də əlavə edərək üzərinə un səpin. 4) Qarışığın üstünü örtəcək qədər su qoyduqdan sonra kəvər soğanı əlavə edərək şorbamızı 45 dəqiqə bişirək. 5) Ocaqdan götürməmişdən qabaq onu duzluyun. Yağsız pendirindən rəndələyin. 6) Şorbanı atəşdən götürüb, istiliyə dayanıqlı dərin bir qaba qoyun. Kasalara tökdükdən sonra şorbaların üzərinə yağsız pendir rəndəsini səpin. Arzuya görə üzərinə bir miqdar şüyüd qoyaraq süfrəyə təqdim edin.",60-120 dəq,Orta,4-6,"Kələm şorbası Azərbaycan mətbəxində geniş yayılmış, qidalı və ləzzətli şorbalardan biridir.","İsti halda, üzərinə yağsız pendir rəndəsi və şüyüd səpilərək təqdim edilir.",[dadli.az saytından şəkil linki əlavə edin]
Lobya buğlaması,İrəvan (Qərbi Azərbaycan),,Əsas yemək,təzə payız lobyaları; rəngli bibər (qırmızı bibər daxil olmaqla); ağ reyhan; soğan; qırmızı mövsüm pomidorları (4-5 ədəd 1 kq lobya üçün); pul bibər; kərə yağı; duz; tomat pastası (bir az).,"1) Təzə lobyaları doğrayın. 2) Qazana lobyaları, kərə yağını və suyu əlavə edin. Qızartmadan buğlama üsulu ilə bişirin. 3) Suyun çox hissəsi çəkilənə qədər bişirin. 4) Doğranmış pomidorları və bir az tomat pastasını əlavə edin. 5) Duz və pul bibər ilə dadlandırın. 6) Təzə doğranmış ağ reyhanı əlavə edib dərhal ocaqdan götürün.",Təxminən 60-90 dəq,Asan,Bilinmir,Lobya buğlaması İrəvan mətbəxinin ənənəvi yeməklərindən biridir. Buğlama üsulu ilə bişirilməsi və ağ reyhanın istifadəsi ilə xarakterizə olunur.,"İsti halda, bir qədər suyu ilə təqdim edilir.",[youtube.com saytından şəkil linki əlavə edin]
Lülə kabab,Ümumi Azərbaycan,,Kabab/Ət,qoyun əti (və ya mal əti ilə 50:50 qiymə) – 500 q; baş soğan – 200 q; qoyun quyruğu – 100 q; duz – zövqə görə; istiot – zövqə görə; sumax – zövqə görə; lavaş.,"1) 500 qram qiyməyə 200 qram soğan olmalıdır. Bu nisbəti gözləmək lazımdır, əks halda lülə şişdə qalmır. 2) Qiyməni yaxşı qarışdırın, 4-5 saatlıq soyuq yerdə saxlayın. 3) 15-20 dəqiqə əvvəldən qiymə soyuducudan çıxarılır və yenə yaxşı qarışdırılır. 4) Qiymə əllə gətirilir və şişin üstünə sarılır. 5) Lüləni sapla da bağlamaq olar. Amma süfrəyə verilməmiş sap açılır. 6) Od alovlananda onu əvvəlcədən hazırlanmış duzlu su ilə söndürün. 7) Süfrəyə lülə lavaşın arasında verilir. Üstünə sumax tökmək də olar.",60-90 dəq (soyutma müddəti daxil),Orta,2-3,Lülə kabab Azərbaycan mətbəxinin ən məşhur kabab növlərindən biridir. Xüsusilə açıq havada manqalda bişirilir.,"Lavaşın arasında, sumax səpilərək və təzə göyərtilərlə təqdim edilir.",[dadli.az saytından şəkil linki əlavə edin]
Mafiş,Ümumi Azərbaycan (Türk mətbəxində də geniş yayılmışdır),,Şirniyyat/Xəmir yeməyi,Yumurta – 1 ədəd; qatıq – 4 x.q; qabartma tozu – 1 paket; duz – 1 çay qaşığı; un – aldığı qədər. Qızartmaq üçün: duru yağ.,1) Hamur malzemeleri karıştırılarak ele yapışmayacak yumuşaklıkta bir hamur yapılır. 2) Hamur 1 cm kadar kalınlıkta açılır. 3) Bir rulo kesici ile kare kare kesilir. 4) Kızdırılmış yağda kızartılır. 5) İstenirse arasına peynir konulabilir.,20 dəq,Asan,2-4,"Mafiş, Azərbaycan və Türk mətbəxində geniş yayılmış, tez hazırlanan və ləzzətli bir xəmir şirniyyatıdır. Adətən səhər yeməyində və ya qəfil gələn qonaqlar üçün hazırlanır.","İsti halda, üzərinə pudra şəkəri səpilərək və ya pendir ilə təqdim edilir.",[nefisyemektarifleri.com saytından şəkil linki əlavə edin]
Ordubad Üsulu Maş Şorbası,"Ordubad (Naxçıvan, lakin Azərbaycan mətbəxinin bir hissəsi)",,Şorba,"quru maş lobya – 1 stəkan (230g), gecədən soyuq suya qoyulmuş; ərinmiş kərə yağı – 2 xörək qaşığı (30ml); doğranmış sümüksüz qoyun və ya mal əti – 500g (sümüklü ətdən də istifadə edə bilərsiniz); doğranmış orta boy baş soğan – 1 ədəd; tomat – 2 xörək qaşığı; su – 8 stəkan; duz – zövqə görə; istiot – zövqə görə; 2 və ya 4 yerə bölünmüş orta boy kartof – 4 ədəd; quru gavalı – 4 ədəd; quru nanə – 1 xörək qaşığı.","1) Maş lobyanı süzün və su doldurulmuş qazanda 15 dəqiqə ərzində qaynadın. Bu proses quru maşın tünd rənginin çıxması üçün edilir. Maşı süzün və yuyun. Kənara qoyun. 2) Qazanda yağı qızdırın. Əti qazana əlavə edib yağda təxminən 15 dəqiqə qızardın. Arada qarışdırın. 3) Soğanı da qazana əlavə edib 5 dəqiqə və yaxud soğan yumuşalana qədər bişirin. 4) Tomatı əlavə edib 1 dəqiqə taxta qaşıqla qarışdıra-qarışdıra bişirin. Zövqə görə duz, istiot vurun. Süzdüyünüz maş lobyanı əlavə edib üstünə 8 stəkan su töküb, qaynadın. 5) Qaynayanda, odun altını azaldın. Qazanın qapağını örtün. Şorbanı vam odda təxminən 1 saat 15 dəqiqə ərzində və yaxud ət və maş lobya bişənə qədər bişirin. 6) Kartof, quru gavalı, və quru nanəni də əlavə edib, kartof bişənə qədər bişirin. Bu şorba nə çox sulu, nə də çox qatı olmalıdır.",120-150 dəq,Orta,4-6,"Maş Şorbası Ordubad rayonunun ən məşhur yeməklərindəndir. Quru maş lobyadan və təzə maşdan (yaşıl lobya) istifadə olunur. Yayda təzə qoyun əti ilə, qışda isə qovurma ilə bişirilir.",İsti halda təqdim edilir.,[azcookbook.com saytından şəkil linki əlavə edin]
Paxlava,Ümumi Azərbaycan,,Şirniyyat,Xəmir üçün: un – 1 kq; yumurta – 3 ədəd; kərə yağı – 250 q; süd – 1 st; xama – 2 x.q; quru maya – 1 ç.q; duz – zövqə görə. İçlik üçün: qoz ləpəsi – 1 kq (və ya badam ləpəsi); şəkər tozu – 1 kq; hil – 1/3 ç.q. Yağlamaq üçün: kərə yağı – 400-450 q. Şərbət üçün: şəkər tozu – 2 st; su – 1 st. Üzü üçün: yumurta sarısı – 2 ədəd; badam ləpəsi (fındıq ya da qoz ləpəsi qoymaq olar).,"1) Xəmiri hazırlayın: Südü qaba töküb ilıq qızdırın. Yağı əridin. Mayanı ilıq suda qarışdırın 5-10 dəqiqə qalır köpüklənir. Unun ortasına yumurtanı, mayanı, südü, yağı, xamanı və duzu əlavə edin. Yumşaq xəmir yoğurun. Xəmirin üstünə neylon çəkib, dəsmal qoyub, ədyala bükün, 2 saat acımağa qoyun. 2) İçlik hazırlayın: Qozu tavada qovurub qabığını təmizlədikdən sonra qoz çəkən maşından keçirin. Çəkilmiş qozu şəkər tozu və hil ilə qarışdırın. 3) Şərbəti hazırlayın: Qaba suyu və şəkər tozunu əlavə edib qaynara düşən kimi 2-3 dəqiqə qaynadıb, götürün. 4) Xəmiri hər tava üçün 12 hissəyə bölün. İki kündəni böyük (ən alt və ən üst üçün) qalanlarını isə balaca kündələyin. Yuxanı (az) unla yayın. 5) Tavanı yağlayıb yuxanı sərin. Yuxaya yağ töküb yağlayın. Hər qata 1 stəkandan 1 barmaq aşağı içlik səpin. Yenə yuxanı sərib yağlayın. Bu şəkildə bütün qatları hazırlayın. Axırıncı qatı qoyduqdan sonra kənarlarını yaxşı düzəldin. 6) Xəmiri romb şəklində kəsin. Yarım saat saxlayın. Sonra yumurtalayıb ortalarına badam ləpələrini qoyun. 7) 180 dərəcə qızdırılmış sobada üzü az qızarana qədər bişirin. Sonra layları yağladığınız yağdan qalanını paxlavanı sobadan çıxarıb aralarına tökün. Dərəcəni 150 dərəcəyə qoyun. Üzü tam qızarana yaxın çıxarıb şərbətini tökün. Hər iki halda bıçaqla kəsilən yerlərlə bir də gedin ki, həm yağ həm də şərbət hər yana yaxşı yayılsın. Şərbəti tökdükdən sonra sobada 3-5 dəqiqə saxlayıb götürün. Paxlava ilıq olanda tavadan tək-tək çıxarıb başqa düz qaba aralı yığın.",180-240 dəq,Çətin,2 taba,"Paxlava Azərbaycanın Novruz bayramı süfrələrinin əsas şirniyyatlarından biridir. Qat-qat xəmirdən hazırlanan, qoz və ya badam içliyi ilə zənginləşdirilmiş şirin bir desertdir.",Çay ilə təqdim edilir. Paxlavanın üzünün parıltılı və gözəl olmağını istəyirsinizsə onda paxlavanın şərbətindən 3 x.q götürüb 1 x.q bal ilə əridib fırça ilə hazır olan isti paxlavanın üzünə çəkin.,[resept.az saytından şəkil linki əlavə edin]
Piti,Ümumi Azərbaycan (Şəki pitisinə bənzər),,Şorba,qoyun əti – 163 q (hər paya); noxud (iri) – 20 q (hər paya); quyruq – 20 q (hər paya); baş soğan – 15 q (hər paya); kartof – 150 q (hər paya); təzə alça – 20 q (yaxud quru alça – 10 q); zəfəran – 0.1 q (yaxud təzə pomidor – 50 q); quru nanə – 1 q; duz – zövqə görə; istiot – zövqə görə.,"1) Qoyun ətindən 55-80 qramlıq 2-3 tikə götürülür. 2) Noxud 4-5 saat soyuq suda isladılır. 3) Ət və noxud piti qabına qoyulub üstünə soyuq su tökülür (ümumi həcmi 0.6 litrə çatdırılır). 4) Zəif od üzərində tədricən bişirilir, əmələ gələn kəf xüsusi kəfkirlə arabir alınır. 5) Xörəyin hazır olmasına 30 dəqiqə qalmış kartof (bütöv şəkildə, orta ölçüdə), yuyulmuş alça və duz qatılır. 6) Bulyon qaynadıqdan sonra içinə iri kub şəklində doğranmış baş soğan salınır. 7) Xörəyin hazır olmasına 10-15 dəqiqə qalmış xırda doğranmış quyruq yağı, duz və ədviyyat vurulur. 8) 1 q zəfəran 120 q suda çay kimi dəmlənir və hər iki pay pitiyə bundan bir xörək qaşğı qatılır. 9) Vam odda bişirilmə davam edir.",90-120 dəq,Orta,1-2,Piti Azərbaycanın milli mətbəxinin ənənəvi yeməklərindən biridir. Şəki pitisinin bişirilmə qaydası ilə oxşarlıqları var. Saxsı qablarda bişirilir.,"Süfrəyə veriləndə üstünə narın doğranmış quru nanə səpilir. Yanına təmiz dərin boşqab, soyulmuş baş soğan və sumaq verilir. Yayda şabalıd, heyva və pomidor da qatılır.",[dadli.az saytından şəkil linki əlavə edin]
Qatlama,Ümumi Azərbaycan,,Şirniyyat,Yumurta – 1 ədəd; ilıq süd – ¾ stəkan; ilıq su – ½ stəkan; günəbaxan yağı – 4 x.q; üzüm sirkəsi – 1 x.q; aktivləşdirilmiş təzə maya – 5 qram; duz – ½ ç.q; un – təxminən 500 qram; əridilmiş kərə yağı; pudra şəkəri.,"1) Xəmiri hazırlayın: Bir qabda yumurta, ilıq süd, ilıq su, günəbaxan yağı, üzüm sirkəsi, aktivləşdirilmiş təzə maya, duz və təxminən 500 qram unu birləşdirin. Hamar bir xəmir yoğurun və isti yerdə acımağa qoyun. 2) Xəmir acıdıqdan sonra, xəmiri 7 bərabər hissəyə bölün. Hər hissəni çox nazik yayın. 3) Hər yuxanı əridilmiş kərə yağı ilə yağlanmış bir nimçəyə qoyun və üzərini yenidən əridilmiş kərə yağı ilə yağlayın. Bütün 7 qatı üst-üstə yığın və son qatı da yağlayın. 4) Yığılmış xəmiri enli zolaqlara kəsin. Hər zolağı barmaqlarınızın ətrafına bükün və sonra üzük şəklinə salın. 5) Şəkilləndirilmiş üzükləri 15-20 dəqiqə acımağa qoyun. 6) Bir qazanda kərə yağı və günəbaxan yağı qarışığını qızdırın və qatlamaları qızılı rəng alana qədər qızardın, qatların ayrılmasına kömək etmək üçün çəngəllə çevirin. 7) Hazır qatlamaları kağız dəsmal üzərində yağını süzün və isti halda üzərinə pudra şəkəri səpin.",90-120 dəq,Orta,7-10 ədəd,Qatlama Azərbaycan mətbəxinin ənənəvi şirniyyatlarından biridir. Xüsusilə bayramlarda və xüsusi günlərdə hazırlanan qat-qat xəmir şirniyyatıdır.,"İsti halda, üzərinə pudra şəkəri səpilərək çay ilə təqdim edilir.",[youtube.com saytından şəkil linki əlavə edin]
Qırxbuğum kətəsi,Qərbi Azərbaycan (Zəngəzur bölgəsi),,Xəmir yeməyi,"Xəmir üçün: un, süd, kərə yağı, şəkər, yumurta, maya, duz. İçlik üçün: qırxbuğum (yolot), əvəlik, göy soğan. Əlavə: xama (üzəri üçün), çiyə yağı (Zəngəzur bölgəsində).","1) Xəmir un, süd, kərə yağı, şəkər, yumurta, maya və duzla yoğrulur. 2) İçlik üçün qırxbuğum, əvəlik və göy soğan qarışdırılır. 3) Xəmir yayılır, içlik qoyulur və kətə forması verilir. 4) Sacda bişirilir. 5) Quru qırxbuğum istifadə edildikdə, gecədən xama və bir damcı südlə isladılır.",Bilinmir,Orta,Bilinmir,Qırxbuğum kətəsi Qərbi Azərbaycan mətbəxinin ənənəvi yeməklərindən biridir. Zəngəzur bölgəsində xitab adlanan oxşar yemək çiyə yağı ilə hazırlanır.,"İsti halda, üzərinə xama çəkilərək təqdim edilir. Çay ilə içilməsi tövsiyə olunur.",[youtube.com saytından şəkil linki əlavə edin]
Qovurma,Ümumi Azərbaycan,,Kabab/Ət,qoyun əti – 1 kq; quyruq yağı – 200 q; kərə yağı – 200 q; su – 1 stəkan; duz – zövqə görə.,"1) Ətləri çox da iri olmadan doğrayın. 2) Ətləri təmiz yuyub aşsüzəndən suyunu süzün. 3) Quyruq yağının bir hissəsini əti bişirəcəyiniz qazana doğrayın. 4) Hazırladığınız ətləri qazana yığıb ocağa alın. 5) Qazana bir stəkan su əlavə edin və yüksək atəşdə bişməyə qoyun. 6) Qaynamağa başlayan ətin üzərinə yığılan köpükləri bir kənara alın. 7) Köpükləri təmizlənən ət suyu tərtəmiz, duru olmalıdır. 8) Qaynayan əti aradabir diqqətlicə qarışdırın ki, ətlər əzilməsin. 9) Ətin suyu tamamən çəkildikdən sonra əti bir kənara alın. 10) Quyruq yağının qalan hissəsini də bir başqa qazana alıb ocaqda əridin. 11) Əriyən quyruq yağının içərisinə kərə yağını da əlavə edin. 12) Bişən ətləri quyruq yağının içinə alıb yüksək atəşdə qovurun. 13) Hazır olana yaxın duzunu əlavə edin. 14) Ətlər tamamən qızardıqdan və suyu çəkildikdən sonra hazır hesab olunar.",60-90 dəq,Orta,4-6,Qovurma Azərbaycan mətbəxinin ənənəvi ət yeməklərindən biridir. Qış üçün əti saxlamaq məqsədilə də hazırlanır.,"İsti halda, müxtəlif qarnirlər (plov, kartof) və ya soyuq halda qəlyanaltı kimi təqdim edilə bilər.",[dadli.az saytından şəkil linki əlavə edin]
Rza Küftə,İrəvan (Qərbi Azərbaycan),,Ət yeməyi,soğanla çəkilmiş qoyun əti – 1 kq (1 kq ətə 3 baş soğan); baş soğan – 3 ədəd; əridilmiş kərə yağı – 2-3 x.q; pomidor püresi (tomat) – 2 x.q; şəkər tozu – 1 ç.q; limon – 1 ədəd; darçın – çay qaşığının ucunda; duz; istiot; keşniş; şüyüd.,"1) Soğanla çəkilmiş qoyun ətinin üzərinə duz, istiot və darçın əlavə edib yaxşı qarışdırın. 2) Ətdən qoz boyda balaca küftəciklər düzəldin. 3) Tavada yağı qızdırıb küftəcikləri tavaya yığın. 4) Küftəciklərin hər tərəfini çevirib qızardın. 5) Şirəsi üçün baş soğanın qabığını soyub yuduqdan sonra xırda doğrayın. 6) Doğranmış soğanın üstünə yağ və duz əlavə edib qızılı rəngdə olana qədər qovurun. 7) Qovrulmuş soğanın üstünə pomidor püresini əlavə edib 2-3 dəqiqə qovurun. 8) Şəkər tozunu və limonun şirəsini əlavə edib 3-5 dəqiqə qarışdırıb götürün. 9) Şirəni qızartdığınız küftələrin üstünə əlavə edin. Yeməyi vam odda 10-15 dəqiqə bişirin. 10) Rza küftəni süfrəyə verdikdə zövqə görə üstünə xırda doğranmış keşniş və şüyüd səpilir.",Təxminən 60-90 dəq,Orta,4-5,"Rza Küftə, başqa adla Rizə Küftə, Azərbaycan milli mətbəxinin, xüsusilə İrəvan mətbəxinin qədim və ləzzətli yeməklərindən biridir.","Süfrəyə isti halda, xırda doğranmış keşniş və şüyüd ilə təqdim edilir.",[resept.az saytından şəkil linki əlavə edin]
Şabalıdlı plov,"Ümumi Azərbaycan (Türk plovu kimi qeyd olunsa da, şabalıdlı plov Azərbaycanda da geniş yayılıb)",,Plov,Ət üçün: yağsız quzu əti – 1.5 kq; darçın – 1 ç.q; qırmızı pul bibər – 1 y.q; qara bibər – 2 ç.q; duz – 2 ç.q; sarımsaq – 3 diş; böyük soğan – 1 ədəd; kərə yağı – 1 y.q; duru yağ – 1 y.q; isti su – 1 stəkan. Plov üçün: şabalıd – 750 qr; kərə yağı – 2 y.q; zeytun yağı – 2 y.q; uzun düyü – 2 su stəkanı; böyük kök – 6 ədəd; soğan – 2 ədəd; duz – 3 ç.q; qara bibər – 1.5 ç.q; darçın – 1 ç.q; isti ət suyu – 3.5 su stəkanı.,"1) Ətləri iri parçalar halında doğrayın. 2) Qazana yağları qoyun, əriyincə sarımsaqları rəndələyin və ətləri içinə atıb yaxşıca qovurun. 3) Ətlər suyunu verib çəkincə, incə doğranmış soğanları əlavə edin və təkrar qovurun. Ədviyyatları əlavə edin. 4) 1 stəkan isti su əlavə edib bişirin (qazanda 30 dəqiqə, polad qazanda təxminən 50 dəqiqə). Ətlər bişincə altını söndürün. 5) Plov üçün şabalıdları təpəsindən yana doğru kəsin və sobaya qoyun, 20 dəqiqə bişirin, sonra azca su əlavə edib 10 dəqiqə daha bişirin. Soyudun və soyun. 6) Kökləri və soğanları böyük kublar halında doğrayın. 7) Plov qazanına yağları qoyun, sonra sırayla qovurub soğan, yerkökü və düyüləri əlavə edin. 8) Bu qarışığa şabalıdın yarısını və ədviyyatları əlavə edin. 9) Ən sonda ət suyunu qarışdırın və plovu üzərinə əlavə edin, qısıq atəşdə bişməyə buraxın. 10) Plov bişincə 15 dəqiqə istirahət etdirin. 11) Geniş bir servis qabına tərs çevirin, ətrafına ətləri düzün. 12) Ən üstünə qalan şabalıdları 1 yemək qaşığı şəkər tozuyla və bir az kərə yağıyla qovurun plovun üzərinə tökün və servis edin.",120-180 dəq,Orta,6-8,"Şabalıdlı plov Azərbaycan mətbəxinin zəngin plov növlərindən biridir. Xüsusilə payız və qış aylarında, şabalıd mövsümündə hazırlanır.","İsti halda, ət və şabalıd qovurması ilə təqdim edilir.",[dadli.az saytından şəkil linki əlavə edin]
Şəkərbura,Ümumi Azərbaycan,,Şirniyyat,"Xəmir üçün: əla növ un – 1 kq + 1 x.q; kərə yağı – 400 q; yumurta sarısı – 5 ədəd; xama – 250 q; duz – ¼ ç.q; vanil tozu – ½ ç.q; quru maya – ½ ç.q; şəkər tozu – 1 x.q; ilıq süd – ½ stəkan (125 ml). İçlik üçün: fındıq ləpəsi, və ya badam (qoz ləpəsi də olar) – 700 q; şəkər tozu – 700 q; hil – 2 ç.q (zövqə görə).","1) Xəmiri hazırlayın: Unu və kərə yağını geniş qaba qoyun və əlinizlə toz halına gələnə kimi yaxşıca ovun. Ayrı qabda yumurta sarısını, xamanı, duzu və vanil tozunu qaşıqla qarışdırın. Ayrı qabda toz mayanı, 1 x.q. unu, 1 x.q. şəkər tozunu qarışdırın. Üstünə 1/4 stəkan ilıq süd tökün. Qoyun kənarda təxminən 2 dəqiqə qalsın. Yumurta-xama qarışığını və mayalı qarışığını un-yağ qarışığına əlavə edin. Əlinizlə ərzaqlar qarışanadək xəmir yoğurun. Xəmiri kündələyin və üstünü örtərək 30-40 dəqiqəlik kənara qoyun. 2) İçliyi hazırlayın: Qovrulmuş və qabığı soyulmuş fındığı və ya qozu və yaxud qabığı soyulmuş badamı sürtkəcli maşından keçirin və narın üyüdün. Üstünə toz şəkəri, və ətirli olması üçün hil əlavə edib qarışdırın. 3) Dincəlmiş xəmiri hər biri 50 qram olmaq şərtilə 36 kündəyə bölün. Kündələrın qurumaması üçün, üstlərini örtün. Hər kündəni oxlovla diametri 10 cm olan kiçik dairələrə yayın. 4) Hər dairənin arasına 2 x.q. iç qoyun və dairəni yarım-ay şəklində bükün. Kənarlarını bərkidin. Sonra isə vintvari şəkildə bükün. 5) Şəkərburaları üstünə kalka kağızı sərilmiş listə yığın. Sonra isə şəkərburaların üstünü bir-bir maqqaşla bəzəyin. 6) Şəkərburaları 180°C dərəcəlik sobada təxminən 20 dəqiqə ərzində kənarları bir az qızarana kimi bişirin.",90-120 dəq,Orta,36 ədəd,"Şəkərbura Azərbaycanın Novruz bayramı süfrələrinin ənənəvi şirniyyatlarından biridir. Fındıq və ya badam içliyi ilə hazırlanan, üzəri naxışlarla bəzədilən şirin bir qənnadı məmulatıdır.",Çay ilə təqdim edilir.,[azcookbook.com saytından şəkil linki əlavə edin]
Şorqoğal,Ümumi Azərbaycan,,Şirniyyat/Çörək,Xəmir üçün: toz maya – 1 paçka (2 + ¼ çay qaşığı); ilıq su – 1 stəkan; un – 6 stəkan + yoğurmaq üçün əlavə; duz – 2 çay qaşığı; süd – 1 stəkan (otaq hərarətində); yumurta – 1 ədəd; əridilmiş və soyudulmuş kərə yağı – 200 qram. İç üçün: cirə – 2 x.q; razyana – 2 x.q; sarıkök – yarım ç.q; duz – 1 ç.q; istiot – bir çay qaşığının dörddə biri qədər; un – 2 stəkan; əridilmiş və soyudulmuş kərə yağı – 115 qram. Yağlamaq üçün: əridilmiş yağ – yarım kilo. Üstü üçün: yumurta sarısı – 2 ədəd; xaş-xaş – 1 x.q.,"1) Xəmir hazırlanması: Balaca bir kasada mayanı ilıq suda həll edib təxminən 10 dəqiqə köpüklənməsi üçün gözləyin. Unu iri qaba ələyin, üzərinə duz əlavə edib qarışdırın. Ortasında bir çökək açıb maya qarışığı, süd, yumurta, və yağı əlavə edin. Əlinizlə bunları qarışdırın. Xəmiri unlanmış taxta (və ya masada) yumuşaq və elastik olana kimi, 10 dəqiqə yoğurun. Xəmiri iri qaba qoyub üzərini dəsmal ilə örtüb gəlməsi üçün isti yerə qoyun, təxminən bir saat yarımlıq. 2) İç hazırlanması: Cirə və razyana toxumunu 2 dəq. ətri çıxana qədər qovurun. Ədvaları həvəngdə döyün. Bir qabda yağdan başqa iç üçün nəzərdə tutulan bütün ərzaqları qarışdırın. Əridilmiş yağı buraya əlavə edib əlinizlə narın umac olana kimi ovxalayın. 3) Gələn xəmiri kündələyib 9 bərabər hissəyə ayırın. Hər hissəni kündələyin. Biraz un səpilmiş taxtada bir kündəni 50 sm.lik dairə alınanadək yayın. Yaydıqca arada un səpin ki, xəmir oxlova yapışmasın, yaymaq rahat olsun. Sonra yuxanı oxlov vasitəsilə kənara qoyun. 4) 4 x.q yağı yuxanın üstünə çiləyib əlinizlə yayın. Qalan kündələrli də bu cür yayıb, üst-üstə yığın. Sonuncudan başqa hamısını yağlayın. İti bıçaqla, xəmirdən 5 sm enində zolaqlar kəsin, sonar isə zolaqları 30 sm. uzunluğunda düzbucaqlara kəsin. Dairənin qısa tərəflərini kəsməyin. Düzbucağın qısa tərəfindən başlayaraq onu rulet şəklində bükməyə başlayın. 5) Ruletin bir ucunu büzüb bağlayın, digər ucu açıq qalsın. Barmağınızla ruletin açıqqalan tərəfini oyun. İçi boş konus alınmalıdır. Oyuğun içinə bir x.q yarım içdən doldurun. Kökənin uclarını bir yerə gətirib bağlayın. Kökəni əlinizlə diametri 10 sm olanadək yastıladın. 6) Qoğalları bir-birindən aralı vəziyyətdə listlərə düzün. Əvvəlcədən sobanı 180°C-dək qızdırın. Qoğalların mərkəzində barmağınızla dəyaz boşluq açıb oraya bir çimdik iç qoyun. Qoğalların üstünə yumurtanın sarısını çəkin və xaşxaş səpin. 40 dəqiqə ərzində, və yaxud üstləri qızaranadək bişirin.",150-180 dəq,Orta,16-18 ədəd,"Şorqoğal Azərbaycanın Novruz bayramı süfrələrinin ənənəvi şirniyyatlarından biridir. Qat-qat xəmirdən hazırlanan, ədviyyatlı içliyi olan duzlu bir qənnadı məmulatıdır.",Çay ilə təqdim edilir.,[azcookbook.com saytından şəkil linki əlavə edin]
Şorqoğal,Ümumi Azərbaycan,,Şirniyyat/Şorqoğal,Xəmir üçün: toz maya – 1 paçka (2 +¼ çay qaşığı); ilıq su – 1 stəkan; un – 6 stəkan (+ əlavə yoğurmaq üçün); duz – 2 çay qaşığı; süd – 1 stəkan (otaq hərarətində); yumurta – 1 ədəd; əridilmiş və soyudulmuş kərə yağı – 200 q. İç üçün: cirə – 2 x.q; razyana – 2 x.q; sarıkök – yarım ç.q; duz – 1 ç.q; istiot – bir çay qaşığının dörddə biri qədər; un – 2 stəkan; əridilmiş və soyudulmuş kərə yağı – 115 q. Yağlamaq üçün: əridilmiş yağ – yarım kilo. Üstü üçün: yumurta sarısı – 2 ədəd; xaş-xaş – 1 x.q.,"1) Mayanı ilıq suda həll edib 10 dəqiqə köpüklənməsi üçün gözləyin. 2) Unu iri qaba ələyin, üzərinə duz əlavə edib qarışdırın. 3) Ortasında çökək açıb maya qarışığı, süd, yumurta və yağı əlavə edin. 4) Əlinizlə qarışdırın. Xəmiri unlanmış taxtada yumşaq və elastik olana kimi 10 dəqiqə yoğurun. 5) Xəmiri iri qaba qoyub üzərini dəsmal ilə örtüb gəlməsi üçün isti yerə qoyun (təxminən bir saat yarımlıq). 6) İçliyi hazırlayın: cirə və razyana toxumunu 2 dəqiqə ətri çıxana qədər qovurun. 7) Ədvaları həvəngdə döyün. 8) Bir qabda yağdan başqa iç üçün nəzərdə tutulan bütün ərzaqları qarışdırın. Əridilmiş yağı buraya əlavə edib əlinizlə narın umac olana kimi ovxalayın. 9) Yağlamaq üçün yağı əridin, duz əlavə edib kənara qoyun. 10) Xəmiri kündələyib 9 bərabər hissəyə ayırın. Hər hissəni kündələyin. 11) Biraz un səpilmiş taxtada bir kündəni 50 sm.lik dairə alınanadək yayın. 12) Yaydıqca arada un səpin. 13) 4 x.q yağı yuxanın üstünə çiləyib əlinizlə yayın. Qalan kündələri də bu cür yayıb, üst-üstə yığın. Sonuncudan başqa hamısını yağlayın. 14) Lay-lay xəmirin kənarlardan tutub diametri 60 sm olana kimi dartın. 15) İti bıçaqla, xəmirdən 5 sm enində zolaqlar kəsin, sonra isə zolaqları 30 sm. uzunluğunda düzbucaqlara kəsin. Dairənin qısa tərəflərini kəsməyin. 16) Düzbucağın qısa tərəfindən başlayaraq onu rulet şəklində bükməyə başlayın. 17) Ruletin bir ucunu büzüb bağlayın, digər ucu açıq qalsın. Barmağınızla ruletin açıqqalan tərəfini oyun. İçi boş konus alınmalıdır. (və ya ruleti əlinizdə hər iki tərəfindən tutaraq 3 dəfə burun, sonra əlinizlə basıb yastılayın. Yastıladığınız kökənin içində oyuq açın). 18) Oyuğun içinə bir x.q yarım içdən doldurun. Kökənin uclarını bir yerə gətirib bağlayın. Kökəni əlinizlə diametri 10 sm olanadək yastıladın. 19) Qoğalları bir-birindən aralı vəziyyətdə listlərə düzün. 20) Əvvəlcədən sobanı 180°C-dək qızdırın. 21) Qoğalların mərkəzində barmağınızla dəyaz boşluq açıb oraya bir çimdik iç qoyun. 22) Qoğalların üstünə yumurtanın sarısını çəkin və xaşxaş səpin. 23) 40 dəqiqə ərzində, və yaxud üstləri qızaranadək bişirin (20 dəqiqə bişdikdən sonra listlərin yerlərini dəyişin).",120-150 dəq (xəmirin gəlmə müddəti daxil),Orta,16-18,Şorqoğal Novruz bayramı süfrəsinin əsas şirniyyatlarından biridir. Qat-qat xəmiri və ədviyyatlı içliyi ilə fərqlənir.,Qara çay ilə isti və ya soyuq halda təqdim edilir.,[azcookbook.com saytından şəkil linki əlavə edin]
Südlü aş,Ümumi Azərbaycan,,Plov,"süd – 2 l; düyü – 1 kq; duz – zövqə görə; zəfəran – zövqə görə; kişmiş – 100 q; xurma – 100 q; kərə yağı – 350 q; bal, qaymaq – zövqə görə.","1) Südlü plov ətsiz, yalnız südlə bişirilir. 2) Düyünü təmizləyin, xırdası çoxdursa, aşsüzəndən keçirin. Bütöv düyünü isti suda təmiz yuyun. 3) Bir hissə düyüyə iki hissə süd götürün. Süd qaynadıqdan sonra içinə düyünü tökün, qarışdırın, bir az duz vurun. 4) Rəngi saralanadək zəfəran tökün. Yenə qarışdırın. 5) Düyü bişənə yaxın içinə yuyulmuş kişmiş, xurma, zövqə görə bir az şəkər tökün, ehtiyatla qarışdırın. 6) Düyü yumşalıb, südü çəkilibsə, dəmə qoyun. 7) Başqa bir qazanda kərə yağını dağ edin, dibinə qazmaq qoyun, süddə bişmiş düyünü qazmağın üstünə töküb yağlayın, dəmləyin. 8) İri buludlara çəkin.",60-90 dəq,Orta,4-6,Südlü aş Azərbaycan mətbəxinin ənənəvi şirin plov növlərindən biridir. Adətən səhər yeməyi və ya desert kimi təqdim edilir.,Bal və qaymaqla isti halda təqdim edilir.,[dadli.az saytından şəkil linki əlavə edin]
Toyuq bozartması,Ümumi Azərbaycan,,Ət yeməyi,toyuq – 1 kq; kartof – 600 qr; Super Sun yağı – 100 qr; baş soğan – 4 ədəd; keşniş – yarım dəstə; şüyüd – yarım dəstə; toyuq bulyonu – 4 st; duz – 1 ç.q; istiot – 1 ç.q.,"1) Təmizlənmiş toyuq tikələrə ayrılır. Super Sun yağında bir az qızarana qədər bişirilir. 2) Ayrıca qazanda yarım halqa doğranmış soğan qızardılır. 3) Kartoflar 2 və ya 4 yerə bölünür. Qızardılmış toyuğun üzərinə əlavə olunur. Kartofun da üzərinə qızardılmış soğan tökülür, sonra toyuq bulyonu əlavə olunaraq bişməyə qoyulur. 4) Hazır olana 5 dəqiqə qalmış üzərinə doğranmış göyərti səpilir.",60 dəq,Asan,4,Toyuq bozartması Azərbaycan mətbəxinin sevilən ət yeməklərindən biridir. Toyuq və kartofun birləşməsi ilə hazırlanan qidalı bir yeməkdir.,İsti halda təqdim edilir.,[neyeyek.az saytından şəkil linki əlavə edin]
Xəşil,Ümumi Azərbaycan,,Sıyıq,un – 1 st; qaynadılmış soyuq su – 3 st; duz – 1/3 ç.q. Üstü üçün: bəhməz (doşab); əridilmiş kərə yağı; şəkər tozu.,"1) Suyu bir qazana töküb üstünə duz töküb qarışdırın. 2) Ələnmiş unu əlavə edib yaxşı çalın. Elə çalmaq lazımdır ki düyür qalmasın. 3) Sonra qazın üstündə vam odda dayanmadan qarışdıra-qarışdıra bişirin. 4) Yemək getdikcə qatılaşacaq. Qatılaşanda 3-5 dəqiqə də dayanmadan qarışdırıb götürün. 5) Yemək hazır olan kimi tez boşqablara töküb ortasını qaşıqla çökək formada düzəldin. 6) Üstünə qaynar əridilmiş yağ, bəhməz və şəkər tozu tökün. Bu yeməyi bəzən şəkər tozu əvəzinə bal ilə də yeyirlər.",30-45 dəq,Asan,2,Xəşil Azərbaycanın milli mətbəxinin ənənəvi şirin yeməklərindən biridir. Xüsusilə soyuq havalarda enerji verən qidalı bir yeməkdir.,"İsti halda, üzərinə kərə yağı, bəhməz və şəkər tozu (və ya bal) əlavə edilərək təqdim edilir.",[resept.az saytından şəkil linki əlavə edin]
Yarpaq dolması,Ümumi Azərbaycan,,Dolma,"çəkilmiş qoyun əti – 1 kq; baş soğan – 3 ədəd; yumru düyü – 2.5 stəkan; ərinmiş kərə yağı – 3 x.q; keşniş, şüyüd və nanə – 1 dəstə (təzə nanə olmayanda nanə qurusu); duz – zövqə görə (yarpaq duzlu olanda duz tökülmür); istiot – zövqə görə; üzüm yarpağı.","1) Göyərtini xırda doğrayın. 2) Soğanı sürtgəcdən keçirin. 3) Dərin qabda əti, soğanı, düyünü, göyərtini, nanə qurusunu, yağı və zövqə görə istiot və duzu töküb yaxşı qarışdırın. (Əgər yarpaq duzludursa onda ətə duz vurmayın). 4) Dolmanı bükmək üçün yarpağı hazırlayın. Tutulmuş yarpaq olanda isti suda bir neçə dəfə yuyun ki, duzu getsin. Əgər təzə yarpaqdan bükürsünüzsə onda qaynar suya yarpağı salın rəngi saralan kimi götürün. Saplaqlarını kəsin. Təzə yarpaqdan dolma bükəndə ətə mütləq duz vurun. 5) Hər yarpağın ortasına 1 ç.q ət qoyub yanlarını içəri doğru qatlayaraq bükün. 6) Bükülmüş dolmaları qazana yığın. Qurtaranda üzünə çıxana qədər su tökün. Ortasına ağzı aşağı düz boşqab qoyun. Boşqab dolmaları bişəndə dağılmağa qoymur. 7) Əvvəl gur odda dolmanı qoyun. Suyu qaynara düşəndə kəfini yığın. Sonra normal odda yağa düşənə qədər bişirin.",90-120 dəq,Orta,4-6,Yarpaq dolması Azərbaycan mətbəxinin ən məşhur və sevilən yeməklərindən biridir. Xüsusilə yaz aylarında təzə üzüm yarpaqları ilə hazırlanır.,"İsti halda, yanında qatıqla təqdim edilir. Zövqə görə qatığın içinə sarımsaq əzib tökə bilərsiniz.",[resept.az saytından şəkil linki əlavə edin]
Yarpaq Xəngəli (Quru Xəngəl/Süzmə Xəngəl),Ümumi Azərbaycan (Qərb zonasında qurutla təqdim edilir),,Xəmir yeməyi,"Xəmir üçün: ələnmiş un – 2.5 fincan (təxminən 375 q) + yoğurmaq və yuxa yaymaq üçün əlavə; duz – ½ ç.q; yumurta – 1 ədəd; su – 1 fincan (otaq temperaturunda). Xəngəlin üzərinə qoymaq üçün: yağ – ¼ fincan (əgər ət yağsızdırsa yağ daha çox istifadə oluna bilər); qiymələnmiş mal yaxud qoyun əti – 450-500 q; orta boy baş soğan – 1 ədəd (xırda doğranmış, təxminən 1 fincan); duz – zövqə görə; istiot – zövqə görə. Əlavə: əridilmiş yağ; sarımsaqlı qatıq (Qərb zonasında qurutdan istifadə olunur).","1) Xəmirin hazırlanması: Böyük bir qaba un, duz tökülüb qarışdırılır. Unun ortasında yuva açılır, yumurta sındırılıb yuvaya əlavə olunur. Az-az su tökülüb hamısı birlikdə barmaqlarla qarışdırılır, xəmir halına salınır. Xəmirlə işlənəcək yer – lövhənin üzərinə çoxlu un səpilir, xəmir yoğrulur. Təxminən 10 dəqiqə, xəmir bərkiyənə, səthi hamarlaşanadək yumruqla basılaraq yoğrulur. Hazır xəmir bərabər ölçülü kündələrə ayrılır, bir qaba yığılıb dəsmalla üzəri örtülür, dincəlməyə qoyulur. 2) Xəmirin açılması: Yuxa yayılacaq yerə azca un səpilir, kündələr qoyulur və üzərinə un səpilir. Kündələr əllə basılaraq yastılanır, nazik oxlovla yayılır. Hər dəfə yayarkən yuxanı fırlatmaq lazımdır ki hər tərəfi açılsın. Təxminən diametri 25 sm olan yuxa açılır. Açılmış yuxanın üzərinə un səpilir və əllə hər tərəfinə yayılır. Un səpdikdən sonra oxlovla yayılaraq diametri 50-60sm olan dairə şəklində açılır. 3) Yuxanın kəsilməsi: Açılmış yuxa iti bıçaqla paralel və eninə, 5sm-lik kvadrat şəkildə kəsilir. Padnosa un səpilir, kəsilmiş xəngəllər üzərinə yığılır, qurumaq üçün bir kənara qoyulur. 4) Qiymə ətin hazırlanması: Orta ölçülü tavaya yağ tökülür, qızdırılır. Çəkilmiş ət əlavə olunur, tez-tez qarışdırılmaqla ətin suyu çəkilənəcən, 5-10 dəqiqə bişirilir. Yüngülcə qovrulan ətə xırda doğranmış soğan əlavə edilir, tez-tez qarışdırır, 10 dəqiqə, qızaranadək bişirilir. Zövqə görə duz, istiot vurulur. 5) Xəngəlin bişirilməsi: Böyük qazana 15 fincan su tökülür, 1 xörək qaşığı duz qatılır və qayanamağa qoyulur. Su qaynadıqda qurumağa qoyulmuş xəngəllər az-az, ehmalca suya salınır. Yapışmasın deyə böyük kəfgir qaşıqla arabir qarışdırılır. Təxminən 5 dəqiqə, yumşalanadək xəngəllər bişirilir. Bişmiş xəngəllər kəfgir qaşıqla götürülüb (yaxud aşsüzəndən süzülüb) geniş boşqablara düzülür. Üzərinə zövqə görə əridilmiş yağ tökülür, qızardılmış qiymə ət qoyulur. Sarımsaqlı qatıqla birgə süfrəyə verilir.",90-120 dəq,Orta,4-6,"Yarpaq Xəngəli Azərbaycan mətbəxinin ənənəvi xəmir yeməklərindən biridir. Xüsusilə soyuq qış günlərində sevilən, qidalı bir yeməkdir. Qərb zonasında qurutla təqdim edilməsi xarakterikdir.","İsti halda, üzərinə əridilmiş yağ və qiymə ət qoyularaq, sarımsaqlı qatıqla (və ya qurutla) təqdim edilir.",[azcookbook.com saytından şəkil linki əlavə edin]
"Yeznə qalın şirnisi (Şirin qalın, Bəy dəstəxanası)",Qərbi Azərbaycan,,Şirniyyat,un; süd; kərə yağı – 200g; şəkər – 150g; yumurta; maya; duz – ½ çay qaşığı; kişmiş (zövqə görə); yumurta sarısı (üzəri üçün); küncüt (üzəri üçün).,"1) Un, süd, kərə yağı, şəkər, yumurta, maya və duz qarışdırılaraq xəmir yoğrulur. 2) Xəmir acımağa qoyulur. 3) Xəmir yayılır və içinə kişmiş əlavə edilir. 4) Xəmir yağlanmış qabda yerləşdirilir, üzərinə yumurta sarısı çəkilir və küncüt səpilir. 5) 200°C-də 25-30 dəqiqə bişirilir.",Təxminən 90-120 dəq,Orta,Bilinmir,"Yeznə qalın, Qərbi Azərbaycan mətbəxinin ənənəvi şirniyyatlarından biridir. Toy adətlərində bəyə göndərilən şirniyyat olaraq da tanınır.",Çay ilə təqdim edilir.,[youtube.com saytından şəkil linki əlavə edin]
